{
  "train": {
    "mae": 11.25899100582721,
    "rmse": 24.67624179165312,
    "r2": 0.9425513561346677
  },
  "test": {
    "mae": 28.920814542690646,
    "rmse": 61.038439737634924,
    "r2": 0.6331824531830812
  }
}